{"cameraMode":{"drawMode":0,"name":"Shaded","section":"Shading Mode"},"sceneLighting":true,"audioPlay":false,"sceneViewState":{"showFog":true,"showMaterialUpdate":false,"showSkybox":true,"showFlares":true,"showImageEffects":true,"showParticleSystems":true},"in2DMode":false,"pivot":{"x":-55.378570556640628,"y":-1.603118896484375,"z":-59.08758544921875},"rotation":{"x":-0.1494685262441635,"y":0.8497471809387207,"z":-0.37673500180244448,"w":-0.3371349573135376},"size":994.384033203125,"orthographic":false}